Original,Modified,Label
What characterizes the brain activity of an elite performer? How does brain activity change during the process of skill acquisition? Do cultural environments influence motor skills? Are there “motor styles” common to members of a given cultural group?,[ERROR],0
"The formal reference of this document is 1974VIENTI02905_b, please use it for anything written about this document. This will permit you and others to search for it.",[ERROR],0
Creative Combination Type Pebble Shape Mirror Wall Stickers Sticker Decor Walls And Room Decorative India published on decoration. which is part of the decoration collection. It’s full resolution is 600x600 Pixels.,[ERROR],0
"This entry was posted in Canals, Life, Narrowboats, Writing and tagged A dreach day, Narrow boat, simple life, Stove. Bookmark the permalink.",[ERROR],0
We offer you convenient access via different apps. You can use telmy from your iPhone or any smartphone with android software and make calls via internet using SIP-access.,[ERROR],0
Is slow dancing a thing of the past? Is the ritual of asking for a dance lost forever? That was Neil's question to the listeners of KZN this past Sunday.,[ERROR],0
"This is my 19th year in teaching, the 8th at Fairview. My daughter is a junior this year at CU Boulder. I enjoy all things outdoors: climbing, biking, skiing...... .",[ERROR],0
"Get laid-back, cool-girl vibes in this sporty white bikini. Made from comfortable and eye-catching ribbed fabric, it features little brown buttons down the front. Keep them fastened up, or leave a couple undone for a subtle flash of cleavage.",[ERROR],0
"This is a very beautiful piece of collector glass that doubles as a container for small, delicate flowers. Volcanic ash from Mt. St. Helens is the binding agent of the glass.",[ERROR],0
"What. is. good! Casey, Big Co, and Jay Wayne perform a Dynasty Startup Mock Draft from the 3 spot, for your pleasure.",[ERROR],0
Welcome to our online gallery. Click a thumbnail to view a larger image. All paintings are professionally framed. For price contact the artist.,[ERROR],0
